{
    "cpu_usr_avg": 13.046312292358804,
    "cpu_sys_avg": 5.0146843853820595,
    "cpu_idle_avg": 79.98591362126245,
    "cpu_busy_avg": 20.014086378737545,
    "disk_util_avg": 32.397958057395144,
    "vm_r_avg": 0,
    "vm_usr_avg": 0,
    "vm_sys_avg": 0,
    "vm_idle_avg": 0,
    "timestamp": "2025-11-23T00:17:16+05:30",
    "workload": "getput",
    "threads": 400.0,
    "duration_s": 300.0,
    "total_requests": 4012456.0,
    "successful": 4012456.0,
    "errors": 0.0,
    "throughput_rps": 13374.853333,
    "avg_ms": 29.907098,
    "p50_ms": 21.493084,
    "p90_ms": 67.771998,
    "p99_ms": 133.993185,
    "bottleneck": "No clear bottleneck (likely cache or network stall)"
}