{
    "cpu_usr_avg": 9.254119601328904,
    "cpu_sys_avg": 5.41531561461794,
    "cpu_idle_avg": 84.21588039867109,
    "cpu_busy_avg": 15.78411960132891,
    "disk_util_avg": 31.5539293598234,
    "vm_r_avg": 0,
    "vm_usr_avg": 0,
    "vm_sys_avg": 0,
    "vm_idle_avg": 0,
    "timestamp": "2025-11-23T00:01:41+05:30",
    "workload": "getput",
    "threads": 50.0,
    "duration_s": 300.0,
    "total_requests": 2049758.0,
    "successful": 2049758.0,
    "errors": 0.0,
    "throughput_rps": 6832.526667,
    "avg_ms": 7.318119,
    "p50_ms": 3.230684,
    "p90_ms": 12.069099,
    "p99_ms": 144.365534,
    "bottleneck": "No clear bottleneck (likely cache or network stall)"
}