{
    "cpu_usr_avg": 16.49155629139073,
    "cpu_sys_avg": 7.622019867549668,
    "cpu_idle_avg": 72.67334437086093,
    "cpu_busy_avg": 27.32665562913907,
    "disk_util_avg": 24.282805280528052,
    "vm_r_avg": 0,
    "vm_usr_avg": 0,
    "vm_sys_avg": 0,
    "vm_idle_avg": 0,
    "timestamp": "2025-11-22T22:59:27+05:30",
    "workload": "getpopular",
    "threads": 400.0,
    "duration_s": 300.0,
    "total_requests": 11127029.0,
    "successful": 10025312.0,
    "errors": 1101717.0,
    "throughput_rps": 37090.096667,
    "avg_ms": 10.784332,
    "p50_ms": 5.843499,
    "p90_ms": 18.267787,
    "p99_ms": 95.738069,
    "bottleneck": "No clear bottleneck (likely cache or network stall)"
}