{
    "cpu_usr_avg": 14.45265780730897,
    "cpu_sys_avg": 8.17468438538206,
    "cpu_idle_avg": 75.79664451827243,
    "cpu_busy_avg": 24.20335548172757,
    "disk_util_avg": 25.41208609271523,
    "vm_r_avg": 0,
    "vm_usr_avg": 0,
    "vm_sys_avg": 0,
    "vm_idle_avg": 0,
    "timestamp": "2025-11-22T22:49:02+05:30",
    "workload": "getpopular",
    "threads": 100.0,
    "duration_s": 300.0,
    "total_requests": 9283265.0,
    "successful": 8365190.0,
    "errors": 918075.0,
    "throughput_rps": 30944.216667,
    "avg_ms": 3.231539,
    "p50_ms": 1.159745,
    "p90_ms": 5.781059,
    "p99_ms": 24.963506,
    "bottleneck": "No clear bottleneck (likely cache or network stall)"
}