{
    "cpu_usr_avg": 13.338637873754152,
    "cpu_sys_avg": 5.3689700996677745,
    "cpu_idle_avg": 79.37053156146179,
    "cpu_busy_avg": 20.62946843853821,
    "disk_util_avg": 26.511203090507728,
    "vm_r_avg": 0,
    "vm_usr_avg": 0,
    "vm_sys_avg": 0,
    "vm_idle_avg": 0,
    "timestamp": "2025-11-22T23:15:02+05:30",
    "workload": "getall",
    "threads": 100.0,
    "duration_s": 300.0,
    "total_requests": 4708993.0,
    "successful": 47127.0,
    "errors": 4661866.0,
    "throughput_rps": 15696.643333,
    "avg_ms": 6.37059,
    "p50_ms": 5.528201,
    "p90_ms": 10.62199,
    "p99_ms": 17.727154,
    "bottleneck": "No clear bottleneck (likely cache or network stall)"
}