{
    "cpu_usr_avg": 11.569800664451828,
    "cpu_sys_avg": 4.523289036544851,
    "cpu_idle_avg": 81.46093023255814,
    "cpu_busy_avg": 18.53906976744186,
    "disk_util_avg": 42.67757174392936,
    "vm_r_avg": 0,
    "vm_usr_avg": 0,
    "vm_sys_avg": 0,
    "vm_idle_avg": 0,
    "timestamp": "2025-11-22T23:56:29+05:30",
    "workload": "getput",
    "threads": 10.0,
    "duration_s": 300.0,
    "total_requests": 3901289.0,
    "successful": 3901289.0,
    "errors": 0.0,
    "throughput_rps": 13004.296667,
    "avg_ms": 0.768632,
    "p50_ms": 0.56497,
    "p90_ms": 1.591441,
    "p99_ms": 2.945278,
    "bottleneck": "No clear bottleneck (likely cache or network stall)"
}