{
    "cpu_usr_avg": 10.319233333333333,
    "cpu_sys_avg": 4.0842,
    "cpu_idle_avg": 82.7172,
    "cpu_busy_avg": 17.282799999999995,
    "disk_util_avg": 40.47726467331118,
    "vm_r_avg": 0,
    "vm_usr_avg": 0,
    "vm_sys_avg": 0,
    "vm_idle_avg": 0,
    "timestamp": "2025-11-22T23:51:17+05:30",
    "workload": "putall",
    "threads": 400.0,
    "duration_s": 300.0,
    "total_requests": 2863184.0,
    "successful": 2863184.0,
    "errors": 0.0,
    "throughput_rps": 9543.946667,
    "avg_ms": 41.912412,
    "p50_ms": 28.707931,
    "p90_ms": 84.702105,
    "p99_ms": 207.706984,
    "bottleneck": "No clear bottleneck (likely cache or network stall)"
}