{
    "cpu_usr_avg": 9.754817275747508,
    "cpu_sys_avg": 5.866345514950166,
    "cpu_idle_avg": 83.33215946843853,
    "cpu_busy_avg": 16.667840531561467,
    "disk_util_avg": 27.82519867549669,
    "vm_r_avg": 0,
    "vm_usr_avg": 0,
    "vm_sys_avg": 0,
    "vm_idle_avg": 0,
    "timestamp": "2025-11-22T23:09:50+05:30",
    "workload": "getall",
    "threads": 50.0,
    "duration_s": 300.0,
    "total_requests": 2286566.0,
    "successful": 22594.0,
    "errors": 2263972.0,
    "throughput_rps": 7621.886667,
    "avg_ms": 6.560242,
    "p50_ms": 2.58861,
    "p90_ms": 8.381093,
    "p99_ms": 160.703445,
    "bottleneck": "No clear bottleneck (likely cache or network stall)"
}