{
    "cpu_usr_avg": 13.466578073089702,
    "cpu_sys_avg": 5.425182724252491,
    "cpu_idle_avg": 79.15252491694352,
    "cpu_busy_avg": 20.84747508305648,
    "disk_util_avg": 26.437924944812362,
    "vm_r_avg": 0,
    "vm_usr_avg": 0,
    "vm_sys_avg": 0,
    "vm_idle_avg": 0,
    "timestamp": "2025-11-22T23:20:13+05:30",
    "workload": "getall",
    "threads": 200.0,
    "duration_s": 300.0,
    "total_requests": 4721530.0,
    "successful": 47140.0,
    "errors": 4674390.0,
    "throughput_rps": 15738.433333,
    "avg_ms": 12.707623,
    "p50_ms": 9.829999,
    "p90_ms": 25.157454,
    "p99_ms": 47.106717,
    "bottleneck": "No clear bottleneck (likely cache or network stall)"
}