{
    "cpu_usr_avg": 12.778936877076411,
    "cpu_sys_avg": 4.761594684385382,
    "cpu_idle_avg": 80.64318936877076,
    "cpu_busy_avg": 19.356810631229237,
    "disk_util_avg": 31.227030905077264,
    "vm_r_avg": 0,
    "vm_usr_avg": 0,
    "vm_sys_avg": 0,
    "vm_idle_avg": 0,
    "timestamp": "2025-11-23T00:06:53+05:30",
    "workload": "getput",
    "threads": 100.0,
    "duration_s": 300.0,
    "total_requests": 4085425.0,
    "successful": 4085425.0,
    "errors": 0.0,
    "throughput_rps": 13618.083333,
    "avg_ms": 7.343053,
    "p50_ms": 5.981033,
    "p90_ms": 14.581785,
    "p99_ms": 24.244791,
    "bottleneck": "No clear bottleneck (likely cache or network stall)"
}