{
    "cpu_usr_avg": 6.604933333333333,
    "cpu_sys_avg": 6.079233333333334,
    "cpu_idle_avg": 86.71736666666666,
    "cpu_busy_avg": 13.282633333333337,
    "disk_util_avg": 33.234629014396454,
    "vm_r_avg": 0,
    "vm_usr_avg": 0,
    "vm_sys_avg": 0,
    "vm_idle_avg": 0,
    "timestamp": "2025-11-22T23:35:46+05:30",
    "workload": "putall",
    "threads": 50.0,
    "duration_s": 300.0,
    "total_requests": 488738.0,
    "successful": 488738.0,
    "errors": 0.0,
    "throughput_rps": 1629.126667,
    "avg_ms": 30.693867,
    "p50_ms": 10.935633,
    "p90_ms": 127.290648,
    "p99_ms": 191.255069,
    "bottleneck": "No clear bottleneck (likely cache or network stall)"
}