{
    "cpu_usr_avg": 15.983168316831684,
    "cpu_sys_avg": 5.904224422442244,
    "cpu_idle_avg": 75.7381188118812,
    "cpu_busy_avg": 24.261881188118807,
    "disk_util_avg": 25.311030701754387,
    "vm_r_avg": 0,
    "vm_usr_avg": 0,
    "vm_sys_avg": 0,
    "vm_idle_avg": 0,
    "timestamp": "2025-11-22T21:28:24+05:30",
    "workload": "getpopular",
    "threads": 10.0,
    "duration_s": 300.0,
    "total_requests": 17203851.0,
    "successful": 15500289.0,
    "errors": 1703562.0,
    "throughput_rps": 57346.17,
    "avg_ms": 0.174125,
    "p50_ms": 0.144967,
    "p90_ms": 0.321279,
    "p99_ms": 0.683305,
    "bottleneck": "No clear bottleneck (likely cache or network stall)"
}