{
    "cpu_usr_avg": 13.03249169435216,
    "cpu_sys_avg": 5.315813953488372,
    "cpu_idle_avg": 79.79425249169435,
    "cpu_busy_avg": 20.20574750830565,
    "disk_util_avg": 26.727174392935982,
    "vm_r_avg": 0,
    "vm_usr_avg": 0,
    "vm_sys_avg": 0,
    "vm_idle_avg": 0,
    "timestamp": "2025-11-22T23:04:39+05:30",
    "workload": "getall",
    "threads": 10.0,
    "duration_s": 300.0,
    "total_requests": 4966550.0,
    "successful": 49802.0,
    "errors": 4916748.0,
    "throughput_rps": 16555.166667,
    "avg_ms": 0.603676,
    "p50_ms": 0.580893,
    "p90_ms": 0.775097,
    "p99_ms": 1.416849,
    "bottleneck": "No clear bottleneck (likely cache or network stall)"
}