{
    "cpu_usr_avg": 10.4675,
    "cpu_sys_avg": 4.2177999999999995,
    "cpu_idle_avg": 82.75473333333333,
    "cpu_busy_avg": 17.245266666666666,
    "disk_util_avg": 39.33746400885936,
    "vm_r_avg": 0,
    "vm_usr_avg": 0,
    "vm_sys_avg": 0,
    "vm_idle_avg": 0,
    "timestamp": "2025-11-22T23:46:07+05:30",
    "workload": "putall",
    "threads": 200.0,
    "duration_s": 300.0,
    "total_requests": 3001276.0,
    "successful": 3001276.0,
    "errors": 0.0,
    "throughput_rps": 10004.253333,
    "avg_ms": 19.991561,
    "p50_ms": 14.927754,
    "p90_ms": 37.908712,
    "p99_ms": 79.850736,
    "bottleneck": "No clear bottleneck (likely cache or network stall)"
}