{
    "cpu_usr_avg": 12.554735099337748,
    "cpu_sys_avg": 7.7500331125827815,
    "cpu_idle_avg": 78.42559602649007,
    "cpu_busy_avg": 21.57440397350993,
    "disk_util_avg": 26.18864686468647,
    "vm_r_avg": 0,
    "vm_usr_avg": 0,
    "vm_sys_avg": 0,
    "vm_idle_avg": 0,
    "timestamp": "2025-11-22T21:33:36+05:30",
    "workload": "getpopular",
    "threads": 50.0,
    "duration_s": 300.0,
    "total_requests": 7771893.0,
    "successful": 7004245.0,
    "errors": 767648.0,
    "throughput_rps": 25906.31,
    "avg_ms": 1.930074,
    "p50_ms": 0.126824,
    "p90_ms": 1.411442,
    "p99_ms": 14.583481,
    "bottleneck": "No clear bottleneck (likely cache or network stall)"
}