{
    "cpu_usr_avg": 8.584266666666666,
    "cpu_sys_avg": 3.846,
    "cpu_idle_avg": 83.73323333333333,
    "cpu_busy_avg": 16.26676666666667,
    "disk_util_avg": 57.46489479512735,
    "vm_r_avg": 0,
    "vm_usr_avg": 0,
    "vm_sys_avg": 0,
    "vm_idle_avg": 0,
    "timestamp": "2025-11-22T23:30:35+05:30",
    "workload": "putall",
    "threads": 10.0,
    "duration_s": 300.0,
    "total_requests": 2284245.0,
    "successful": 2284245.0,
    "errors": 0.0,
    "throughput_rps": 7614.15,
    "avg_ms": 1.312969,
    "p50_ms": 1.207412,
    "p90_ms": 1.36617,
    "p99_ms": 2.45777,
    "bottleneck": "No clear bottleneck (likely cache or network stall)"
}