{
    "cpu_usr_avg": 13.126578073089702,
    "cpu_sys_avg": 4.883720930232558,
    "cpu_idle_avg": 80.15475083056478,
    "cpu_busy_avg": 19.84524916943522,
    "disk_util_avg": 30.813995584988962,
    "vm_r_avg": 0,
    "vm_usr_avg": 0,
    "vm_sys_avg": 0,
    "vm_idle_avg": 0,
    "timestamp": "2025-11-23T00:12:04+05:30",
    "workload": "getput",
    "threads": 200.0,
    "duration_s": 300.0,
    "total_requests": 4059322.0,
    "successful": 4059322.0,
    "errors": 0.0,
    "throughput_rps": 13531.073333,
    "avg_ms": 14.780921,
    "p50_ms": 11.578642,
    "p90_ms": 31.361851,
    "p99_ms": 59.400587,
    "bottleneck": "No clear bottleneck (likely cache or network stall)"
}