{
    "cpu_usr_avg": 13.563355481727575,
    "cpu_sys_avg": 5.529966777408638,
    "cpu_idle_avg": 78.87431893687707,
    "cpu_busy_avg": 21.125681063122926,
    "disk_util_avg": 26.34603752759382,
    "vm_r_avg": 0,
    "vm_usr_avg": 0,
    "vm_sys_avg": 0,
    "vm_idle_avg": 0,
    "timestamp": "2025-11-22T23:25:25+05:30",
    "workload": "getall",
    "threads": 400.0,
    "duration_s": 300.0,
    "total_requests": 4753509.0,
    "successful": 47531.0,
    "errors": 4705978.0,
    "throughput_rps": 15845.03,
    "avg_ms": 25.24455,
    "p50_ms": 18.429412,
    "p90_ms": 54.259615,
    "p99_ms": 105.356175,
    "bottleneck": "No clear bottleneck (likely cache or network stall)"
}