{
    "cpu_usr_avg": 15.071092715231789,
    "cpu_sys_avg": 8.197384105960264,
    "cpu_idle_avg": 74.89049668874172,
    "cpu_busy_avg": 25.10950331125828,
    "disk_util_avg": 25.024499449944994,
    "vm_r_avg": 0,
    "vm_usr_avg": 0,
    "vm_sys_avg": 0,
    "vm_idle_avg": 0,
    "timestamp": "2025-11-22T22:54:14+05:30",
    "workload": "getpopular",
    "threads": 200.0,
    "duration_s": 300.0,
    "total_requests": 9899024.0,
    "successful": 8918733.0,
    "errors": 980291.0,
    "throughput_rps": 32996.746667,
    "avg_ms": 6.061079,
    "p50_ms": 3.540957,
    "p90_ms": 11.679446,
    "p99_ms": 48.220442,
    "bottleneck": "No clear bottleneck (likely cache or network stall)"
}