{
    "cpu_usr_avg": 10.788433333333334,
    "cpu_sys_avg": 4.3421,
    "cpu_idle_avg": 82.54106666666667,
    "cpu_busy_avg": 17.458933333333334,
    "disk_util_avg": 38.17401993355482,
    "vm_r_avg": 0,
    "vm_usr_avg": 0,
    "vm_sys_avg": 0,
    "vm_idle_avg": 0,
    "timestamp": "2025-11-22T23:40:56+05:30",
    "workload": "putall",
    "threads": 100.0,
    "duration_s": 300.0,
    "total_requests": 3094295.0,
    "successful": 3094295.0,
    "errors": 0.0,
    "throughput_rps": 10314.316667,
    "avg_ms": 9.695349,
    "p50_ms": 8.847312,
    "p90_ms": 15.458114,
    "p99_ms": 26.225012,
    "bottleneck": "No clear bottleneck (likely cache or network stall)"
}